NAGAI,publicphone0501@gmail.com,aaaaaa
NAGAI,nagai@gmail.com,aaaaaa
NAGAI,test@gmail.com,aaaaaaa
NAGAI,sample@gmail.com,ああああああ
NAGAI,publicphone@gmail.com,ああああああああ
textarea01,nnn@gmail.comday1,aaaaaa
NAGAI,publicphone@gmail.comday1,aaaa
NAGAI,publicphone0501@gmail.comday1,aaaaa
NAGAI,publicphone0501@gmail.comday1,aaaaaa
NAGAI,publicphone@gmail.comday1,aaaa
NAGAI,publicphone@gmail.comday1,あああああああ
NAGAI,publicphone0501@gmail.comday1,aaaaaa
NAGAI,aaaa@gmail.com,9/26.Thu 20:00-21:00,cccccc
NAGAI,example@ggg,10/3.Thu 20:00-21:00,ccccccc
NAGAI,example@ggg,10/3.Thu 20:00-21:00,ccccccc
NAGAI,example@ggg,10/3.Thu 20:00-21:00,ccccccc
NAGAI,example@ggg,10/3.Thu 20:00-21:00,ccccccc
NAGAI,example@ggg,10/3.Thu 20:00-21:00,ccccccc
NAGAI,publicphone@gmail.com,9/26.Thu 20:00-21:00,ccccccc
NAGAI,publicphone@gmail.com,9/26.Thu 20:00-21:00,ccccccc
NAGAI,publicphone@gmail.com,9/26.Thu 20:00-21:00,ccccccc
NAGAI,publicphone@gmail.com,9/26.Thu 20:00-21:00,ccccccc
NAGAI,publicphone@gmail.com,9/26.Thu 20:00-21:00,ccccccc
NAGAI,publicphone@gmail.com,9/26.Thu 20:00-21:00,ccccccc
NAGAI,publicphone@gmail.com,9/26.Thu 20:00-21:00,ccccccc
NAGAI,publicphone@gmail.com,9/26.Thu 20:00-21:00,ccccccc
NAGAI,publicphone@gmail.com,9/26.Thu 20:00-21:00,ccccccc
NAGAI,publicphone@gmail.com,9/26.Thu 20:00-21:00,ccccccc
NAGAI,publicphone@gmail.com,9/26.Thu 20:00-21:00,ccccccc
NAGAI,publicphone@gmail.com,9/26.Thu 20:00-21:00,ccccccc
NAGAI,publicphone@gmail.com,9/26.Thu 20:00-21:00,ccccccc
NAGAI,publicphone@gmail.com,9/26.Thu 20:00-21:00,ccccccc
NAGAI,publicphone@gmail.com,9/26.Thu 20:00-21:00,ccccccc
NAGAI,publicphone@gmail.com,9/26.Thu 20:00-21:00,ccccccc
NAGAI,publicphone@gmail.com,9/26.Thu 20:00-21:00,ccccccc
NAGAI,publicphone@gmail.com,9/26.Thu 20:00-21:00,ccccccc
NAGAI,publicphone@gmail.com,9/26.Thu 20:00-21:00,ccccccc
NAGAI,publicphone@gmail.com,9/26.Thu 20:00-21:00,ccccccc
NAGAI,publicphone@gmail.com,9/26.Thu 20:00-21:00,ccccccc
NAGAI,sample@gmail.com,9/26.Thu 20:00-21:00,ccccccccc
NAGAI,publicphon@gmail.com,9/26.Thu 20:00-21:00,ああああああ
NAGAI,publicphone0501@gmail.com,9/26.Thu 20:00-21:00,aaaaaaa
NAGAI,publicphone0501@gmail.com,9/26.Thu 20:00-21:00,aaaaaaaaaaaa
NAGAI,publicphone0501@gmail.com,9/26.Thu 20:00-21:00,aaaaaaa
